﻿<?xml version="1.0"?>
<doc>
<assembly>
<name>
dragWindow_lib
</name>
</assembly>
<members>
<member name="T:dragWindow_lib.My.Resources.Resources">
<summary>
  A strongly-typed resource class, for looking up localized strings, etc.
</summary>
</member>
<member name="P:dragWindow_lib.My.Resources.Resources.ResourceManager">
<summary>
  Returns the cached ResourceManager instance used by this class.
</summary>
</member>
<member name="P:dragWindow_lib.My.Resources.Resources.Culture">
<summary>
  Overrides the current thread's CurrentUICulture property for all
  resource lookups using this strongly typed resource class.
</summary>
</member>
<member name="M:dragWindow_lib.DragManager.#ctor(System.Windows.Forms.Form@)">
 <summary>
 Initial setup of the Drag Manager.
 </summary>
 <param name="_form">Give the current form reference, this is usually given with the command "Me"</param>
</member>
<member name="M:dragWindow_lib.DragManager.startMoving">
 <summary>
 Notify the manager about mouse down event
 </summary>
</member>
<member name="M:dragWindow_lib.DragManager.move(System.Int32,System.Int32)">
 <summary>
 Stop moving the window
 </summary>
 <param name="_x">Cursor.Position.X</param>
 <param name="_y">Cursor.Position.Y</param>
 <example>Test.blah</example>
</member>
<member name="M:dragWindow_lib.DragManager.stopMove">
 <summary>
 Stop moving the frame
 </summary>
</member>
</members>
</doc>
